{
  "results": {
    "w0.30": {
      "oof": 0.9497973472762955,
      "tuned": 0.9498659283921596,
      "prior_weights": [
        0.9,
        1.1,
        1.0
      ]
    },
    "w0.35": {
      "oof": 0.9497884448609676,
      "tuned": 0.9498668754675187,
      "prior_weights": [
        0.9,
        1.1,
        1.0
      ]
    },
    "w0.40": {
      "oof": 0.949792180325212,
      "tuned": 0.9498984113667869,
      "prior_weights": [
        0.9500000000000001,
        1.2000000000000002,
        1.0
      ]
    },
    "w0.45": {
      "oof": 0.9498234632105675,
      "tuned": 0.9498747642437553,
      "prior_weights": [
        0.9500000000000001,
        1.1500000000000001,
        1.0
      ]
    },
    "w0.50": {
      "oof": 0.949867833591386,
      "tuned": 0.949867833591386,
      "prior_weights": [
        1.0,
        1.0,
        1.0
      ]
    },
    "w0.55": {
      "oof": 0.9498587063681129,
      "tuned": 0.9498840658151363,
      "prior_weights": [
        1.0,
        0.9500000000000001,
        1.05
      ]
    },
    "w0.60": {
      "oof": 0.9498595900717546,
      "tuned": 0.9498696961385297,
      "prior_weights": [
        0.9500000000000001,
        0.9500000000000001,
        1.0
      ]
    },
    "w0.65": {
      "oof": 0.9498668864132304,
      "tuned": 0.9498848560777216,
      "prior_weights": [
        1.0,
        0.9,
        1.0
      ]
    },
    "w0.70": {
      "oof": 0.9498486094044232,
      "tuned": 0.94987903036705,
      "prior_weights": [
        0.9500000000000001,
        1.1500000000000001,
        0.9500000000000001
      ]
    }
  },
  "best_hgbc_weight": 0.4,
  "best_prior_weights": [
    0.9500000000000001,
    1.2000000000000002,
    1.0
  ],
  "best_tuned_oof": 0.9498984113667869,
  "hgbc_members": [
    "hgbc_c1_s42",
    "hgbc_c1_s7",
    "hgbc_c1_s123",
    "hgbc_a0_s42"
  ],
  "lgbm_members": [
    "lgbm_s42",
    "lgbm_s7",
    "lgbm63_s42"
  ]
}