{
  "hgbc_c1_s42": {
    "oof": 0.9495732217030417,
    "tuned": 0.949573880598738,
    "weights": [
      1.0,
      1.05,
      1.0
    ]
  },
  "hgbc_c1_s7": {
    "oof": 0.9493713231846498,
    "tuned": 0.9495096835346285,
    "weights": [
      0.8500000000000001,
      0.8,
      1.0
    ]
  },
  "lgbm_s42": {
    "oof": 0.949526309386088,
    "tuned": 0.9496600246416245,
    "weights": [
      0.8,
      1.0,
      0.9500000000000001
    ]
  },
  "blend_all3": {
    "oof": 0.9498097541284611,
    "tuned": 0.9498152753832937,
    "weights": [
      1.0,
      1.4000000000000001,
      1.0
    ]
  },
  "blend_hgbc2": {
    "oof": 0.9496371478762032,
    "tuned": 0.9496435571164294,
    "weights": [
      1.0,
      1.05,
      1.0
    ]
  }
}