{
  "labels": [
    "fit",
    "at-risk",
    "unhealthy"
  ],
  "baseline": {
    "accuracy": 0.8586745458550213,
    "balanced_accuracy": 0.3333333333333333
  },
  "n_train": 690088,
  "n_test": 295753,
  "class_counts": {
    "at-risk": 592561,
    "unhealthy": 57724,
    "fit": 39803
  },
  "A": {
    "accuracy": 0.9667724499702938,
    "balanced_accuracy": 0.8731328724903452,
    "confusion": [
      [
        6583,
        1352,
        26
      ],
      [
        435,
        117612,
        465
      ],
      [
        21,
        2287,
        9237
      ]
    ],
    "recall": [
      0.8269061675668886,
      0.9924058323207776,
      0.8000866175833694
    ],
    "test_pred_dist": {
      "at-risk": 0.88,
      "unhealthy": 0.069,
      "fit": 0.05
    }
  },
  "B": {
    "accuracy": 0.9370299526148763,
    "balanced_accuracy": 0.9497296199310933,
    "confusion": [
      [
        7558,
        351,
        52
      ],
      [
        2725,
        110611,
        5176
      ],
      [
        49,
        338,
        11158
      ]
    ],
    "recall": [
      0.9493782188167316,
      0.9333316457405157,
      0.9664789952360329
    ],
    "test_pred_dist": {
      "at-risk": 0.809,
      "unhealthy": 0.116,
      "fit": 0.074
    }
  }
}