{
  "seeds": [
    42,
    7,
    123,
    2024,
    31337
  ],
  "oof_balanced_accuracy": 0.9496125905756784,
  "prior_tuned_oof": 0.9497358451189891,
  "prior_weights": [
    1.1,
    0.8,
    1.25
  ],
  "baseline_member_oof": 0.9495826000976014,
  "baseline_member_tuned": 0.9496485583779926,
  "classes": [
    "at-risk",
    "fit",
    "unhealthy"
  ],
  "runtime_s": 621.7
}